lon,lat,rate
171.9500,-42.4500,0.0000006696
172.0500,-42.4500,0.0000006696
172.0500,-42.3500,0.0000006696
172.1500,-42.5500,0.0000006696
172.1500,-42.4500,0.0000006696
172.1500,-42.3500,0.0000006696
172.2500,-42.4500,0.0000006696
172.2500,-42.3500,0.0000006696
172.2500,-42.2500,0.0000006696
172.3500,-42.4500,0.0000006696
172.3500,-42.3500,0.0000006696
172.3500,-42.2500,0.0000006696
172.3500,-42.1500,0.0000006696
172.4500,-42.4500,0.0000006696
172.4500,-42.3500,0.0000006696
172.4500,-42.2500,0.0000006696
172.4500,-42.1500,0.0000006696
172.4500,-42.0500,0.0000006696
172.5500,-42.4500,0.0000006696
172.5500,-42.3500,0.0000006696
172.5500,-42.2500,0.0000006696
172.5500,-42.1500,0.0000006696
172.5500,-42.0500,0.0000006696
172.5500,-41.9500,0.0000006696
172.6500,-42.4500,0.0000068781
172.6500,-42.3500,0.0000006696
172.6500,-42.2500,0.0000006696
172.6500,-42.1500,0.0000006696
172.6500,-42.0500,0.0000006696
172.6500,-41.9500,0.0000006696
172.6500,-41.8500,0.0000006696
172.7500,-42.4500,0.0000169172
172.7500,-42.3500,0.0000165615
172.7500,-42.2500,0.0000120006
172.7500,-42.1500,0.0000006696
172.7500,-42.0500,0.0000006696
172.7500,-41.9500,0.0000006696
172.7500,-41.8500,0.0000006696
172.8500,-42.4500,0.0000368534
172.8500,-42.3500,0.0000408574
172.8500,-42.2500,0.0000362607
172.8500,-42.1500,0.0000198549
172.8500,-42.0500,0.0000006696
172.8500,-41.9500,0.0000006696
172.8500,-41.8500,0.0000006696
172.8500,-41.7500,0.0000006696
172.9500,-42.4500,0.0000771601
172.9500,-42.3500,0.0000813923
172.9500,-42.2500,0.0000774890
172.9500,-42.1500,0.0000605559
172.9500,-42.0500,0.0000276186
172.9500,-41.9500,0.0000006696
172.9500,-41.8500,0.0000006696
172.9500,-41.7500,0.0000006696
172.9500,-41.6500,0.0000006696
173.0500,-42.4500,0.0001417485
173.0500,-42.3500,0.0001506897
173.0500,-42.2500,0.0001483578
173.0500,-42.1500,0.0001299178
173.0500,-42.0500,0.0000925409
173.0500,-41.9500,0.0000570094
173.0500,-41.8500,0.0000286158
173.0500,-41.7500,0.0000006696
173.0500,-41.6500,0.0000006696
173.1500,-42.5500,0.0001902750
173.1500,-42.4500,0.0002324001
173.1500,-42.3500,0.0002536981
173.1500,-42.2500,0.0002525969
173.1500,-42.1500,0.0002301760
173.1500,-42.0500,0.0001904182
173.1500,-41.9500,0.0001425953
173.1500,-41.8500,0.0000944944
173.1500,-41.7500,0.0000511266
173.1500,-41.6500,0.0000115500
173.1500,-41.5500,0.0000006696
173.2500,-42.4500,0.0003461247
173.2500,-42.3500,0.0003776351
173.2500,-42.2500,0.0003801782
173.2500,-42.1500,0.0003545130
173.2500,-42.0500,0.0003082481
173.2500,-41.9500,0.0002438996
173.2500,-41.8500,0.0001702940
173.2500,-41.7500,0.0001139828
173.2500,-41.6500,0.0000663971
173.2500,-41.5500,0.0000177945
173.2500,-41.4500,0.0000006696
173.3500,-42.4500,0.0004539572
173.3500,-42.3500,0.0005050738
173.3500,-42.2500,0.0005254107
173.3500,-42.1500,0.0005066180
173.3500,-42.0500,0.0004530383
173.3500,-41.9500,0.0003705207
173.3500,-41.8500,0.0002606871
173.3500,-41.7500,0.0001964551
173.3500,-41.6500,0.0001348758
173.3500,-41.5500,0.0000702508
173.3500,-41.4500,0.0000091569
173.3500,-41.3500,0.0000006696
173.4500,-42.4500,0.0005365789
173.4500,-42.3500,0.0006229373
173.4500,-42.2500,0.0006826089
173.4500,-42.1500,0.0006750552
173.4500,-42.0500,0.0006159097
173.4500,-41.9500,0.0005278486
173.4500,-41.8500,0.0004180409
173.4500,-41.7500,0.0003136035
173.4500,-41.6500,0.0002173795
173.4500,-41.5500,0.0001277587
173.4500,-41.4500,0.0000494618
173.4500,-41.3500,0.0000006696
173.5500,-42.4500,0.0005956809
173.5500,-42.3500,0.0007150609
173.5500,-42.2500,0.0008425306
173.5500,-42.1500,0.0008262457
173.5500,-42.0500,0.0007655675
173.5500,-41.9500,0.0006913568
173.5500,-41.8500,0.0005692067
173.5500,-41.7500,0.0004343811
173.5500,-41.6500,0.0003053765
173.5500,-41.5500,0.0001876976
173.5500,-41.4500,0.0000878652
173.5500,-41.3500,0.0000073979
173.5500,-41.2500,0.0000006696
173.6500,-42.4500,0.0006242685
173.6500,-42.3500,0.0007384417
173.6500,-42.2500,0.0008497580
173.6500,-42.1500,0.0008768464
173.6500,-42.0500,0.0008552278
173.6500,-41.9500,0.0008185833
173.6500,-41.8500,0.0006866578
173.6500,-41.7500,0.0005385411
173.6500,-41.6500,0.0003886222
173.6500,-41.5500,0.0002443397
173.6500,-41.4500,0.0001195316
173.6500,-41.3500,0.0000253212
173.6500,-41.2500,0.0000006696
173.6500,-41.1500,0.0000006696
173.7500,-42.4500,0.0006292786
173.7500,-42.3500,0.0007079124
173.7500,-42.2500,0.0007994646
173.7500,-42.1500,0.0008616569
173.7500,-42.0500,0.0008793158
173.7500,-41.9500,0.0008491887
173.7500,-41.8500,0.0007584995
173.7500,-41.7500,0.0006248277
173.7500,-41.6500,0.0004645616
173.7500,-41.5500,0.0002934016
173.7500,-41.4500,0.0001397255
173.7500,-41.3500,0.0000361700
173.7500,-41.2500,0.0000006696
173.7500,-41.1500,0.0000006696
173.7500,-41.0500,0.0000006696
173.7500,-40.9500,0.0000006696
173.8500,-42.4500,0.0006202132
173.8500,-42.3500,0.0006516369
173.8500,-42.2500,0.0007532499
173.8500,-42.1500,0.0008406765
173.8500,-42.0500,0.0008885418
173.8500,-41.9500,0.0008837327
173.8500,-41.8500,0.0008236351
173.8500,-41.7500,0.0007067704
173.8500,-41.6500,0.0005423805
173.8500,-41.5500,0.0003496440
173.8500,-41.4500,0.0001500284
173.8500,-41.3500,0.0000546026
173.8500,-41.2500,0.0000006696
173.8500,-41.1500,0.0000006696
173.8500,-41.0500,0.0000006696
173.8500,-40.9500,0.0000006696
173.8500,-40.8500,0.0000006696
173.9500,-42.3500,0.0006547577
173.9500,-42.2500,0.0007365688
173.9500,-42.1500,0.0008267154
173.9500,-42.0500,0.0008981377
173.9500,-41.9500,0.0009233728
173.9500,-41.8500,0.0009023689
173.9500,-41.7500,0.0008019998
173.9500,-41.6500,0.0006359225
173.9500,-41.5500,0.0004432923
173.9500,-41.4500,0.0002569202
173.9500,-41.3500,0.0001322368
173.9500,-41.2500,0.0000427180
173.9500,-41.1500,0.0000006696
173.9500,-41.0500,0.0000006696
173.9500,-40.9500,0.0000006696
173.9500,-40.8500,0.0000006696
173.9500,-40.7500,0.0000006696
173.9500,-40.6500,0.0000006696
174.0500,-42.4500,0.0006590618
174.0500,-42.3500,0.0006833957
174.0500,-42.2500,0.0007353678
174.0500,-42.1500,0.0008080636
174.0500,-42.0500,0.0008846589
174.0500,-41.9500,0.0009502922
174.0500,-41.8500,0.0009963678
174.0500,-41.7500,0.0009061477
174.0500,-41.6500,0.0007361779
174.0500,-41.5500,0.0005593374
174.0500,-41.4500,0.0003950728
174.0500,-41.3500,0.0002547994
174.0500,-41.2500,0.0001330973
174.0500,-41.1500,0.0000480696
174.0500,-41.0500,0.0000230842
174.0500,-40.9500,0.0000172110
174.0500,-40.8500,0.0000230870
174.0500,-40.7500,0.0000348376
174.0500,-40.6500,0.0000436436
174.0500,-40.5500,0.0000419953
174.0500,-40.4500,0.0000307774
174.1500,-42.4500,0.0006816527
174.1500,-42.3500,0.0006944240
174.1500,-42.2500,0.0007218249
174.1500,-42.1500,0.0007760092
174.1500,-42.0500,0.0008548589
174.1500,-41.9500,0.0009342269
174.1500,-41.8500,0.0009919587
174.1500,-41.7500,0.0009438993
174.1500,-41.6500,0.0008181990
174.1500,-41.5500,0.0006713404
174.1500,-41.4500,0.0005356623
174.1500,-41.3500,0.0003980204
174.1500,-41.2500,0.0002654811
174.1500,-41.1500,0.0001578710
174.1500,-41.0500,0.0000926655
174.1500,-40.9500,0.0000689525
174.1500,-40.8500,0.0000732120
174.1500,-40.7500,0.0000939341
174.1500,-40.6500,0.0001102430
174.1500,-40.5500,0.0001047028
174.1500,-40.4500,0.0000876919
174.1500,-40.3500,0.0000646368
174.2500,-42.5500,0.0006759689
174.2500,-42.4500,0.0006906633
174.2500,-42.3500,0.0006948913
174.2500,-42.2500,0.0007022641
174.2500,-42.1500,0.0007358736
174.2500,-42.0500,0.0008139143
174.2500,-41.9500,0.0008862719
174.2500,-41.8500,0.0009404620
174.2500,-41.7500,0.0009439191
174.2500,-41.6500,0.0008911890
174.2500,-41.5500,0.0008019319
174.2500,-41.4500,0.0006915274
174.2500,-41.3500,0.0005579898
174.2500,-41.2500,0.0004089421
174.2500,-41.1500,0.0002650026
174.2500,-41.0500,0.0001551140
174.2500,-40.9500,0.0001076418
174.2500,-40.8500,0.0001123909
174.2500,-40.7500,0.0001480361
174.2500,-40.6500,0.0001842006
174.2500,-40.5500,0.0001659824
174.2500,-40.4500,0.0001449321
174.2500,-40.3500,0.0001176604
174.2500,-40.2500,0.0000842999
174.3500,-42.4500,0.0006870179
174.3500,-42.3500,0.0006945971
174.3500,-42.2500,0.0007041748
174.3500,-42.1500,0.0007315033
174.3500,-42.0500,0.0007807731
174.3500,-41.9500,0.0008349584
174.3500,-41.8500,0.0009075285
174.3500,-41.7500,0.0009601546
174.3500,-41.6500,0.0009734590
174.3500,-41.5500,0.0009433108
174.3500,-41.4500,0.0008682021
174.3500,-41.3500,0.0007405609
174.3500,-41.2500,0.0005687615
174.3500,-41.1500,0.0003768685
174.3500,-41.0500,0.0001993949
174.3500,-40.9500,0.0001369605
174.3500,-40.8500,0.0001410888
174.3500,-40.7500,0.0001731558
174.3500,-40.6500,0.0002085510
174.3500,-40.5500,0.0002148554
174.3500,-40.4500,0.0002010585
174.3500,-40.3500,0.0001716811
174.3500,-40.2500,0.0001320173
174.3500,-40.1500,0.0000875406
174.4500,-42.3500,0.0006963447
174.4500,-42.2500,0.0007076340
174.4500,-42.1500,0.0007268850
174.4500,-42.0500,0.0007615105
174.4500,-41.9500,0.0008123260
174.4500,-41.8500,0.0008972455
174.4500,-41.7500,0.0009893952
174.4500,-41.6500,0.0010660180
174.4500,-41.5500,0.0010944945
174.4500,-41.4500,0.0010703809
174.4500,-41.3500,0.0009529580
174.4500,-41.2500,0.0007545165
174.4500,-41.1500,0.0005244631
174.4500,-41.0500,0.0003048459
174.4500,-40.9500,0.0002059407
174.4500,-40.8500,0.0001756734
174.4500,-40.7500,0.0001896628
174.4500,-40.6500,0.0002358296
174.4500,-40.5500,0.0002670165
174.4500,-40.4500,0.0002625570
174.4500,-40.3500,0.0002278690
174.4500,-40.2500,0.0001788754
174.4500,-40.1500,0.0001256748
174.4500,-40.0500,0.0000729061
174.5500,-42.3500,0.0006964704
174.5500,-42.2500,0.0007050767
174.5500,-42.1500,0.0007155071
174.5500,-42.0500,0.0007457294
174.5500,-41.9500,0.0008027162
174.5500,-41.8500,0.0008913669
174.5500,-41.7500,0.0010070005
174.5500,-41.6500,0.0011306819
174.5500,-41.5500,0.0012346770
174.5500,-41.4500,0.0012977321
174.5500,-41.3500,0.0011865827
174.5500,-41.2500,0.0009486089
174.5500,-41.1500,0.0007000723
174.5500,-41.0500,0.0004785635
174.5500,-40.9500,0.0003232558
174.5500,-40.8500,0.0002298663
174.5500,-40.7500,0.0002151061
174.5500,-40.6500,0.0002870050
174.5500,-40.5500,0.0003423831
174.5500,-40.4500,0.0003367897
174.5500,-40.3500,0.0002842577
174.5500,-40.2500,0.0002216799
174.5500,-40.1500,0.0001588919
174.5500,-40.0500,0.0000990709
174.6500,-42.2500,0.0006864321
174.6500,-42.1500,0.0006943033
174.6500,-42.0500,0.0007198341
174.6500,-41.9500,0.0007776559
174.6500,-41.8500,0.0008660056
174.6500,-41.7500,0.0009988745
174.6500,-41.6500,0.0011672159
174.6500,-41.5500,0.0013234330
174.6500,-41.4500,0.0014302986
174.6500,-41.3500,0.0013361232
174.6500,-41.2500,0.0011027208
174.6500,-41.1500,0.0008569448
174.6500,-41.0500,0.0006225133
174.6500,-40.9500,0.0004372854
174.6500,-40.8500,0.0003262693
174.6500,-40.7500,0.0003061344
174.6500,-40.6500,0.0003574298
174.6500,-40.5500,0.0004253000
174.6500,-40.4500,0.0004028662
174.6500,-40.3500,0.0003284778
174.6500,-40.2500,0.0002547538
174.6500,-40.1500,0.0001843090
174.6500,-40.0500,0.0001187898
174.6500,-39.9500,0.0000590929
174.7500,-42.1500,0.0006720893
174.7500,-42.0500,0.0006949980
174.7500,-41.9500,0.0007504933
174.7500,-41.8500,0.0008264452
174.7500,-41.7500,0.0009654557
174.7500,-41.6500,0.0011908017
174.7500,-41.5500,0.0013710043
174.7500,-41.4500,0.0014483740
174.7500,-41.3500,0.0013820547
174.7500,-41.2500,0.0012034329
174.7500,-41.1500,0.0009761866
174.7500,-41.0500,0.0007338584
174.7500,-40.9500,0.0005234418
174.7500,-40.8500,0.0004076288
174.7500,-40.7500,0.0003919228
174.7500,-40.6500,0.0004200430
174.7500,-40.5500,0.0004433078
174.7500,-40.4500,0.0004173976
174.7500,-40.3500,0.0003510191
174.7500,-40.2500,0.0002750875
174.7500,-40.1500,0.0002005819
174.7500,-40.0500,0.0001312519
174.7500,-39.9500,0.0000686810
174.8500,-42.1500,0.0006563247
174.8500,-42.0500,0.0006824649
174.8500,-41.9500,0.0007383610
174.8500,-41.8500,0.0008319669
174.8500,-41.7500,0.0009981416
174.8500,-41.6500,0.0012370054
174.8500,-41.5500,0.0014397202
174.8500,-41.4500,0.0014998734
174.8500,-41.3500,0.0014373493
174.8500,-41.2500,0.0012877249
174.8500,-41.1500,0.0010754067
174.8500,-41.0500,0.0008337084
174.8500,-40.9500,0.0005910051
174.8500,-40.8500,0.0004708684
174.8500,-40.7500,0.0004724316
174.8500,-40.6500,0.0004858278
174.8500,-40.5500,0.0004758014
174.8500,-40.4500,0.0004321501
174.8500,-40.3500,0.0003640504
174.8500,-40.2500,0.0002865097
174.8500,-40.1500,0.0002090998
174.8500,-40.0500,0.0001368711
174.8500,-39.9500,0.0000724862
174.8500,-39.8500,0.0000163496
174.9500,-42.0500,0.0006688609
174.9500,-41.9500,0.0007285904
174.9500,-41.8500,0.0008524550
174.9500,-41.7500,0.0010487204
174.9500,-41.6500,0.0012831643
174.9500,-41.5500,0.0014973039
174.9500,-41.4500,0.0015470278
174.9500,-41.3500,0.0014992339
174.9500,-41.2500,0.0013791544
174.9500,-41.1500,0.0011781589
174.9500,-41.0500,0.0009516183
174.9500,-40.9500,0.0007391069
174.9500,-40.8500,0.0006082856
174.9500,-40.7500,0.0005669472
174.9500,-40.6500,0.0005619295
174.9500,-40.5500,0.0005212542
174.9500,-40.4500,0.0004587307
174.9500,-40.3500,0.0003792077
174.9500,-40.2500,0.0002958491
174.9500,-40.1500,0.0002127279
174.9500,-40.0500,0.0001367231
174.9500,-39.9500,0.0000711574
174.9500,-39.8500,0.0000155152
175.0500,-41.9500,0.0007034617
175.0500,-41.8500,0.0008452392
175.0500,-41.7500,0.0010739767
175.0500,-41.6500,0.0013031836
175.0500,-41.5500,0.0014788638
175.0500,-41.4500,0.0015548069
175.0500,-41.3500,0.0015404943
175.0500,-41.2500,0.0014498604
175.0500,-41.1500,0.0012694315
175.0500,-41.0500,0.0010705510
175.0500,-40.9500,0.0008830325
175.0500,-40.8500,0.0007388876
175.0500,-40.7500,0.0006537024
175.0500,-40.6500,0.0006100330
175.0500,-40.5500,0.0005651833
175.0500,-40.4500,0.0004979139
175.0500,-40.3500,0.0004085906
175.0500,-40.2500,0.0003091986
175.0500,-40.1500,0.0002131895
175.0500,-40.0500,0.0001315648
175.0500,-39.9500,0.0000657329
175.0500,-39.8500,0.0000118549
175.0500,-39.7500,0.0000006696
175.1500,-42.0500,0.0006646707
175.1500,-41.9500,0.0007162790
175.1500,-41.8500,0.0008662568
175.1500,-41.7500,0.0011028525
175.1500,-41.6500,0.0013316176
175.1500,-41.5500,0.0014885151
175.1500,-41.4500,0.0015677793
175.1500,-41.3500,0.0015647221
175.1500,-41.2500,0.0014804094
175.1500,-41.1500,0.0013367750
175.1500,-41.0500,0.0011718961
175.1500,-40.9500,0.0009993064
175.1500,-40.8500,0.0008409295
175.1500,-40.7500,0.0007210540
175.1500,-40.6500,0.0006682899
175.1500,-40.5500,0.0006263551
175.1500,-40.4500,0.0005566161
175.1500,-40.3500,0.0004491805
175.1500,-40.2500,0.0003265048
175.1500,-40.1500,0.0002093580
175.1500,-40.0500,0.0001225963
175.1500,-39.9500,0.0000582462
175.1500,-39.8500,0.0000070233
175.1500,-39.7500,0.0000006696
175.1500,-39.6500,0.0000006696
175.2500,-42.0500,0.0006877680
175.2500,-41.9500,0.0007619242
175.2500,-41.8500,0.0009104925
175.2500,-41.7500,0.0011269333
175.2500,-41.6500,0.0013666516
175.2500,-41.5500,0.0015036528
175.2500,-41.4500,0.0015942619
175.2500,-41.3500,0.0016015289
175.2500,-41.2500,0.0015150531
175.2500,-41.1500,0.0013876080
175.2500,-41.0500,0.0012462849
175.2500,-40.9500,0.0010981347
175.2500,-40.8500,0.0009461191
175.2500,-40.7500,0.0007954604
175.2500,-40.6500,0.0007590514
175.2500,-40.5500,0.0007141906
175.2500,-40.4500,0.0006420853
175.2500,-40.3500,0.0004971815
175.2500,-40.2500,0.0003487271
175.2500,-40.1500,0.0002149414
175.2500,-40.0500,0.0001192226
175.2500,-39.9500,0.0000517567
175.2500,-39.8500,0.0000026119
175.2500,-39.7500,0.0000006696
175.2500,-39.6500,0.0000006696
175.3500,-42.0500,0.0007075256
175.3500,-41.9500,0.0007831220
175.3500,-41.8500,0.0009205681
175.3500,-41.7500,0.0011113268
175.3500,-41.6500,0.0013233091
175.3500,-41.5500,0.0014955713
175.3500,-41.4500,0.0016105204
175.3500,-41.3500,0.0016311290
175.3500,-41.2500,0.0015368800
175.3500,-41.1500,0.0014213497
175.3500,-41.0500,0.0013084635
175.3500,-40.9500,0.0011979958
175.3500,-40.8500,0.0010845292
175.3500,-40.7500,0.0009800298
175.3500,-40.6500,0.0009054332
175.3500,-40.5500,0.0008254384
175.3500,-40.4500,0.0007046122
175.3500,-40.3500,0.0005409660
175.3500,-40.2500,0.0003704296
175.3500,-40.1500,0.0002273793
175.3500,-40.0500,0.0001210414
175.3500,-39.9500,0.0000460799
175.3500,-39.8500,0.0000006696
175.3500,-39.7500,0.0000006696
175.3500,-39.6500,0.0000006696
175.3500,-39.5500,0.0000006696
175.4500,-41.9500,0.0008052249
175.4500,-41.8500,0.0009110971
175.4500,-41.7500,0.0010737190
175.4500,-41.6500,0.0012967270
175.4500,-41.5500,0.0014911362
175.4500,-41.4500,0.0016020881
175.4500,-41.3500,0.0016109704
175.4500,-41.2500,0.0015387197
175.4500,-41.1500,0.0014337570
175.4500,-41.0500,0.0013616177
175.4500,-40.9500,0.0012977102
175.4500,-40.8500,0.0012289570
175.4500,-40.7500,0.0011477422
175.4500,-40.6500,0.0010678244
175.4500,-40.5500,0.0009629602
175.4500,-40.4500,0.0007938035
175.4500,-40.3500,0.0005901266
175.4500,-40.2500,0.0003841541
175.4500,-40.1500,0.0002334587
175.4500,-40.0500,0.0001203531
175.4500,-39.9500,0.0000420730
175.4500,-39.8500,0.0000000412
175.4500,-39.7500,0.0000006696
175.4500,-39.6500,0.0000006696
175.4500,-39.5500,0.0000006696
175.4500,-39.4500,0.0000006696
175.5500,-41.9500,0.0008618894
175.5500,-41.8500,0.0009246610
175.5500,-41.7500,0.0010359527
175.5500,-41.6500,0.0013120410
175.5500,-41.5500,0.0015307165
175.5500,-41.4500,0.0016290769
175.5500,-41.3500,0.0016112223
175.5500,-41.2500,0.0015422592
175.5500,-41.1500,0.0014641422
175.5500,-41.0500,0.0014124355
175.5500,-40.9500,0.0013815422
175.5500,-40.8500,0.0013560878
175.5500,-40.7500,0.0012868154
175.5500,-40.6500,0.0012127728
175.5500,-40.5500,0.0011129636
175.5500,-40.4500,0.0008889869
175.5500,-40.3500,0.0006543495
175.5500,-40.2500,0.0004296647
175.5500,-40.1500,0.0002544599
175.5500,-40.0500,0.0001196280
175.5500,-39.9500,0.0000358884
175.5500,-39.8500,0.0000010601
175.5500,-39.7500,0.0000006696
175.5500,-39.6500,0.0000006696
175.5500,-39.5500,0.0000006696
175.5500,-39.4500,0.0000006696
175.5500,-39.3500,0.0000006696
175.6500,-41.9500,0.0009523613
175.6500,-41.8500,0.0010287020
175.6500,-41.7500,0.0011689054
175.6500,-41.6500,0.0013888883
175.6500,-41.5500,0.0016083761
175.6500,-41.4500,0.0016772800
175.6500,-41.3500,0.0016140493
175.6500,-41.2500,0.0015398091
175.6500,-41.1500,0.0014819080
175.6500,-41.0500,0.0014466293
175.6500,-40.9500,0.0014316499
175.6500,-40.8500,0.0014222919
175.6500,-40.7500,0.0013905782
175.6500,-40.6500,0.0013182478
175.6500,-40.5500,0.0011797261
175.6500,-40.4500,0.0009663576
175.6500,-40.3500,0.0007246234
175.6500,-40.2500,0.0004963892
175.6500,-40.1500,0.0002966900
175.6500,-40.0500,0.0001241763
175.6500,-39.9500,0.0000323621
175.6500,-39.8500,0.0000054323
175.6500,-39.7500,0.0000006696
175.6500,-39.6500,0.0000006696
175.6500,-39.5500,0.0000006696
175.6500,-39.4500,0.0000006696
175.6500,-39.3500,0.0000006696
175.7500,-41.8500,0.0011532181
175.7500,-41.7500,0.0013007980
175.7500,-41.6500,0.0014748859
175.7500,-41.5500,0.0016176581
175.7500,-41.4500,0.0016565248
175.7500,-41.3500,0.0015984123
175.7500,-41.2500,0.0015164148
175.7500,-41.1500,0.0014841426
175.7500,-41.0500,0.0014611416
175.7500,-40.9500,0.0014579594
175.7500,-40.8500,0.0014787806
175.7500,-40.7500,0.0014851477
175.7500,-40.6500,0.0014275106
175.7500,-40.5500,0.0012699428
175.7500,-40.4500,0.0010468946
175.7500,-40.3500,0.0007922929
175.7500,-40.2500,0.0005677077
175.7500,-40.1500,0.0003617778
175.7500,-40.0500,0.0001900669
175.7500,-39.9500,0.0000863070
175.7500,-39.8500,0.0000347504
175.7500,-39.7500,0.0000006696
175.7500,-39.6500,0.0000006696
175.7500,-39.5500,0.0000006696
175.7500,-39.4500,0.0000006696
175.7500,-39.3500,0.0000006696
175.7500,-39.2500,0.0000006696
175.8500,-41.8500,0.0012600350
175.8500,-41.7500,0.0014161513
175.8500,-41.6500,0.0015651118
175.8500,-41.5500,0.0016500136
175.8500,-41.4500,0.0016538171
175.8500,-41.3500,0.0016009380
175.8500,-41.2500,0.0015343149
175.8500,-41.1500,0.0015051900
175.8500,-41.0500,0.0014796512
175.8500,-40.9500,0.0014730873
175.8500,-40.8500,0.0015283698
175.8500,-40.7500,0.0015684962
175.8500,-40.6500,0.0015474987
175.8500,-40.5500,0.0013705503
175.8500,-40.4500,0.0011505608
175.8500,-40.3500,0.0009000610
175.8500,-40.2500,0.0006603958
175.8500,-40.1500,0.0004422412
175.8500,-40.0500,0.0002788065
175.8500,-39.9500,0.0001748653
175.8500,-39.8500,0.0001022989
175.8500,-39.7500,0.0000427505
175.8500,-39.6500,0.0000101822
175.8500,-39.5500,0.0000006696
175.8500,-39.4500,0.0000006696
175.8500,-39.3500,0.0000006696
175.8500,-39.2500,0.0000006696
175.8500,-39.1500,0.0000006696
175.9500,-41.8500,0.0013779359
175.9500,-41.7500,0.0015217347
175.9500,-41.6500,0.0016717159
175.9500,-41.5500,0.0017066766
175.9500,-41.4500,0.0016752743
175.9500,-41.3500,0.0016269121
175.9500,-41.2500,0.0015828844
175.9500,-41.1500,0.0015535283
175.9500,-41.0500,0.0015356251
175.9500,-40.9500,0.0015408420
175.9500,-40.8500,0.0015748861
175.9500,-40.7500,0.0016022726
175.9500,-40.6500,0.0015750285
175.9500,-40.5500,0.0014587949
175.9500,-40.4500,0.0012716611
175.9500,-40.3500,0.0010296070
175.9500,-40.2500,0.0007726226
175.9500,-40.1500,0.0005252702
175.9500,-40.0500,0.0003720206
175.9500,-39.9500,0.0002820858
175.9500,-39.8500,0.0002113946
175.9500,-39.7500,0.0001517039
175.9500,-39.6500,0.0000923171
175.9500,-39.5500,0.0000157068
175.9500,-39.4500,0.0000006696
175.9500,-39.3500,0.0000006696
175.9500,-39.2500,0.0000006696
175.9500,-39.1500,0.0000006696
176.0500,-41.7500,0.0015959744
176.0500,-41.6500,0.0017005266
176.0500,-41.5500,0.0017294884
176.0500,-41.4500,0.0016957093
176.0500,-41.3500,0.0016512431
176.0500,-41.2500,0.0016285705
176.0500,-41.1500,0.0016083526
176.0500,-41.0500,0.0015958972
176.0500,-40.9500,0.0015986223
176.0500,-40.8500,0.0016132721
176.0500,-40.7500,0.0016267193
176.0500,-40.6500,0.0016120544
176.0500,-40.5500,0.0015442624
176.0500,-40.4500,0.0014053988
176.0500,-40.3500,0.0011544931
176.0500,-40.2500,0.0008951277
176.0500,-40.1500,0.0006631382
176.0500,-40.0500,0.0005027760
176.0500,-39.9500,0.0004069624
176.0500,-39.8500,0.0003422296
176.0500,-39.7500,0.0002883616
176.0500,-39.6500,0.0002260376
176.0500,-39.5500,0.0001407352
176.0500,-39.4500,0.0000628104
176.0500,-39.3500,0.0000006696
176.0500,-39.2500,0.0000006696
176.0500,-39.1500,0.0000006696
176.0500,-39.0500,0.0000006696
176.1500,-41.7500,0.0016472406
176.1500,-41.6500,0.0017218424
176.1500,-41.5500,0.0017515558
176.1500,-41.4500,0.0017325451
176.1500,-41.3500,0.0016973930
176.1500,-41.2500,0.0016851936
176.1500,-41.1500,0.0016643182
176.1500,-41.0500,0.0016474831
176.1500,-40.9500,0.0016433653
176.1500,-40.8500,0.0016432004
176.1500,-40.7500,0.0016518007
176.1500,-40.6500,0.0016540071
176.1500,-40.5500,0.0016029377
176.1500,-40.4500,0.0014721825
176.1500,-40.3500,0.0012431845
176.1500,-40.2500,0.0009993838
176.1500,-40.1500,0.0007840603
176.1500,-40.0500,0.0006239044
176.1500,-39.9500,0.0005254404
176.1500,-39.8500,0.0004727177
176.1500,-39.7500,0.0004396794
176.1500,-39.6500,0.0003982973
176.1500,-39.5500,0.0003068857
176.1500,-39.4500,0.0001898974
176.1500,-39.3500,0.0000770947
176.1500,-39.2500,0.0000006696
176.1500,-39.1500,0.0000006696
176.1500,-39.0500,0.0000006696
176.1500,-38.9500,0.0000006696
176.2500,-41.6500,0.0017594786
176.2500,-41.5500,0.0017973859
176.2500,-41.4500,0.0018000291
176.2500,-41.3500,0.0017811870
176.2500,-41.2500,0.0017576751
176.2500,-41.1500,0.0017274929
176.2500,-41.0500,0.0016975153
176.2500,-40.9500,0.0016786230
176.2500,-40.8500,0.0016753563
176.2500,-40.7500,0.0016903389
176.2500,-40.6500,0.0017001126
176.2500,-40.5500,0.0016471862
176.2500,-40.4500,0.0015017201
176.2500,-40.3500,0.0012926860
176.2500,-40.2500,0.0010667805
176.2500,-40.1500,0.0008614234
176.2500,-40.0500,0.0007024500
176.2500,-39.9500,0.0006098550
176.2500,-39.8500,0.0005778562
176.2500,-39.7500,0.0005761246
176.2500,-39.6500,0.0005839082
176.2500,-39.5500,0.0004652198
176.2500,-39.4500,0.0003148915
176.2500,-39.3500,0.0001804449
176.2500,-39.2500,0.0000766457
176.2500,-39.1500,0.0000122060
176.2500,-39.0500,0.0000006696
176.2500,-38.9500,0.0000006696
176.2500,-38.8500,0.0000006696
176.3500,-41.5500,0.0018546931
176.3500,-41.4500,0.0018729631
176.3500,-41.3500,0.0018572395
176.3500,-41.2500,0.0018304659
176.3500,-41.1500,0.0017882821
176.3500,-41.0500,0.0017361550
176.3500,-40.9500,0.0016932937
176.3500,-40.8500,0.0016826001
176.3500,-40.7500,0.0017058742
176.3500,-40.6500,0.0017411209
176.3500,-40.5500,0.0017025741
176.3500,-40.4500,0.0015238941
176.3500,-40.3500,0.0013153090
176.3500,-40.2500,0.0011007497
176.3500,-40.1500,0.0009001130
176.3500,-40.0500,0.0007336546
176.3500,-39.9500,0.0006485358
176.3500,-39.8500,0.0006523610
176.3500,-39.7500,0.0006687391
176.3500,-39.6500,0.0006521887
176.3500,-39.5500,0.0005540209
176.3500,-39.4500,0.0004113264
176.3500,-39.3500,0.0002689274
176.3500,-39.2500,0.0001458703
176.3500,-39.1500,0.0000583992
176.3500,-39.0500,0.0000070805
176.3500,-38.9500,0.0000006696
176.3500,-38.8500,0.0000006696
176.3500,-38.7500,0.0000006696
176.4500,-41.5500,0.0018950849
176.4500,-41.4500,0.0019240881
176.4500,-41.3500,0.0019089003
176.4500,-41.2500,0.0018919556
176.4500,-41.1500,0.0018382515
176.4500,-41.0500,0.0017588512
176.4500,-40.9500,0.0016786493
176.4500,-40.8500,0.0016511192
176.4500,-40.7500,0.0016690765
176.4500,-40.6500,0.0016966082
176.4500,-40.5500,0.0016593094
176.4500,-40.4500,0.0014932071
176.4500,-40.3500,0.0013050506
176.4500,-40.2500,0.0011060119
176.4500,-40.1500,0.0009160185
176.4500,-40.0500,0.0007541499
176.4500,-39.9500,0.0006799173
176.4500,-39.8500,0.0007159817
176.4500,-39.7500,0.0007459853
176.4500,-39.6500,0.0007102793
176.4500,-39.5500,0.0006118783
176.4500,-39.4500,0.0004781861
176.4500,-39.3500,0.0003304126
176.4500,-39.2500,0.0001882840
176.4500,-39.1500,0.0000806694
176.4500,-39.0500,0.0000222812
176.4500,-38.9500,0.0000006696
176.4500,-38.8500,0.0000006696
176.4500,-38.7500,0.0000006696
176.4500,-38.6500,0.0000006696
176.5500,-41.4500,0.0019164254
176.5500,-41.3500,0.0019184171
176.5500,-41.2500,0.0019057227
176.5500,-41.1500,0.0018547806
176.5500,-41.0500,0.0017723499
176.5500,-40.9500,0.0016820597
176.5500,-40.8500,0.0016200586
176.5500,-40.7500,0.0015884130
176.5500,-40.6500,0.0015635538
176.5500,-40.5500,0.0015099378
176.5500,-40.4500,0.0014027844
176.5500,-40.3500,0.0012657391
176.5500,-40.2500,0.0010828275
176.5500,-40.1500,0.0009133716
176.5500,-40.0500,0.0007891496
176.5500,-39.9500,0.0007402462
176.5500,-39.8500,0.0007663088
176.5500,-39.7500,0.0008290201
176.5500,-39.6500,0.0007599138
176.5500,-39.5500,0.0006581084
176.5500,-39.4500,0.0005275020
176.5500,-39.3500,0.0003716839
176.5500,-39.2500,0.0002118757
176.5500,-39.1500,0.0000757339
176.5500,-39.0500,0.0000280302
176.5500,-38.9500,0.0000076710
176.5500,-38.8500,0.0000006696
176.5500,-38.7500,0.0000006696
176.5500,-38.6500,0.0000006696
176.6500,-41.3500,0.0018974203
176.6500,-41.2500,0.0018844731
176.6500,-41.1500,0.0018462234
176.6500,-41.0500,0.0017799491
176.6500,-40.9500,0.0016880734
176.6500,-40.8500,0.0015873145
176.6500,-40.7500,0.0014890139
176.6500,-40.6500,0.0014195158
176.6500,-40.5500,0.0013661214
176.6500,-40.4500,0.0012832736
176.6500,-40.3500,0.0011702943
176.6500,-40.2500,0.0010227680
176.6500,-40.1500,0.0008778639
176.6500,-40.0500,0.0007805924
176.6500,-39.9500,0.0007459474
176.6500,-39.8500,0.0007570065
176.6500,-39.7500,0.0007787882
176.6500,-39.6500,0.0007508519
176.6500,-39.5500,0.0006858078
176.6500,-39.4500,0.0005704329
176.6500,-39.3500,0.0004071481
176.6500,-39.2500,0.0002461509
176.6500,-39.1500,0.0001142307
176.6500,-39.0500,0.0000532419
176.6500,-38.9500,0.0000195983
176.6500,-38.8500,0.0000007039
176.6500,-38.7500,0.0000006696
176.6500,-38.6500,0.0000006696
176.6500,-38.5500,0.0000006696
176.7500,-41.2500,0.0018531364
176.7500,-41.1500,0.0018283617
176.7500,-41.0500,0.0017851118
176.7500,-40.9500,0.0016851161
176.7500,-40.8500,0.0015551224
176.7500,-40.7500,0.0014133377
176.7500,-40.6500,0.0013096082
176.7500,-40.5500,0.0012456899
176.7500,-40.4500,0.0011637003
176.7500,-40.3500,0.0010646817
176.7500,-40.2500,0.0009483254
176.7500,-40.1500,0.0008257701
176.7500,-40.0500,0.0007452998
176.7500,-39.9500,0.0007140681
176.7500,-39.8500,0.0007069513
176.7500,-39.7500,0.0007149933
176.7500,-39.6500,0.0007065499
176.7500,-39.5500,0.0006714417
176.7500,-39.4500,0.0005775160
176.7500,-39.3500,0.0004276798
176.7500,-39.2500,0.0002857689
176.7500,-39.1500,0.0001756445
176.7500,-39.0500,0.0001010632
176.7500,-38.9500,0.0000454604
176.7500,-38.8500,0.0000147853
176.7500,-38.7500,0.0000006696
176.7500,-38.6500,0.0000006696
176.7500,-38.5500,0.0000006696
176.7500,-38.4500,0.0000112187
176.8500,-41.1500,0.0017878155
176.8500,-41.0500,0.0017503764
176.8500,-40.9500,0.0016570532
176.8500,-40.8500,0.0015293451
176.8500,-40.7500,0.0013889354
176.8500,-40.6500,0.0012605053
176.8500,-40.5500,0.0011544141
176.8500,-40.4500,0.0010582695
176.8500,-40.3500,0.0009746108
176.8500,-40.2500,0.0008853146
176.8500,-40.1500,0.0007947514
176.8500,-40.0500,0.0007231423
176.8500,-39.9500,0.0006758612
176.8500,-39.8500,0.0006421797
176.8500,-39.7500,0.0006572398
176.8500,-39.6500,0.0006552331
176.8500,-39.5500,0.0006228820
176.8500,-39.4500,0.0005473679
176.8500,-39.3500,0.0004331741
176.8500,-39.2500,0.0003114351
176.8500,-39.1500,0.0002278431
176.8500,-39.0500,0.0001587938
176.8500,-38.9500,0.0001003185
176.8500,-38.8500,0.0000554388
176.8500,-38.7500,0.0000214080
176.8500,-38.6500,0.0000034765
176.8500,-38.5500,0.0000233012
176.8500,-38.4500,0.0000468123
176.8500,-38.3500,0.0000575272
176.9500,-40.9500,0.0016031236
176.9500,-40.8500,0.0015009813
176.9500,-40.7500,0.0013599003
176.9500,-40.6500,0.0012067746
176.9500,-40.5500,0.0010766443
176.9500,-40.4500,0.0009748220
176.9500,-40.3500,0.0009015395
176.9500,-40.2500,0.0008348289
176.9500,-40.1500,0.0007641670
176.9500,-40.0500,0.0006997173
176.9500,-39.9500,0.0006522181
176.9500,-39.8500,0.0006256095
176.9500,-39.7500,0.0006238433
176.9500,-39.6500,0.0006184020
176.9500,-39.5500,0.0005915661
176.9500,-39.4500,0.0005352783
176.9500,-39.3500,0.0004511774
176.9500,-39.2500,0.0003587952
176.9500,-39.1500,0.0002849742
176.9500,-39.0500,0.0002229750
176.9500,-38.9500,0.0001631537
176.9500,-38.8500,0.0001096749
176.9500,-38.7500,0.0000667374
176.9500,-38.6500,0.0000430815
176.9500,-38.5500,0.0000586348
176.9500,-38.4500,0.0000866007
176.9500,-38.3500,0.0000985110
176.9500,-38.2500,0.0000823124
177.0500,-40.8500,0.0014551187
177.0500,-40.7500,0.0013051104
177.0500,-40.6500,0.0011305181
177.0500,-40.5500,0.0009923069
177.0500,-40.4500,0.0008986587
177.0500,-40.3500,0.0008356180
177.0500,-40.2500,0.0007897156
177.0500,-40.1500,0.0007301520
177.0500,-40.0500,0.0006726111
177.0500,-39.9500,0.0006331696
177.0500,-39.8500,0.0006143358
177.0500,-39.7500,0.0006085279
177.0500,-39.6500,0.0006013274
177.0500,-39.5500,0.0005821156
177.0500,-39.4500,0.0005442018
177.0500,-39.3500,0.0004846562
177.0500,-39.2500,0.0004115066
177.0500,-39.1500,0.0003414899
177.0500,-39.0500,0.0002816544
177.0500,-38.9500,0.0002195722
177.0500,-38.8500,0.0001656877
177.0500,-38.7500,0.0001266692
177.0500,-38.6500,0.0001011627
177.0500,-38.5500,0.0000964592
177.0500,-38.4500,0.0001050957
177.0500,-38.3500,0.0001079942
177.0500,-38.2500,0.0000994413
177.0500,-38.1500,0.0000944893
177.1500,-40.6500,0.0010289385
177.1500,-40.5500,0.0008888890
177.1500,-40.4500,0.0008183532
177.1500,-40.3500,0.0007684054
177.1500,-40.2500,0.0007276173
177.1500,-40.1500,0.0006848097
177.1500,-40.0500,0.0006416297
177.1500,-39.9500,0.0006102922
177.1500,-39.8500,0.0006036275
177.1500,-39.7500,0.0006023744
177.1500,-39.6500,0.0005990766
177.1500,-39.5500,0.0005880569
177.1500,-39.4500,0.0005662320
177.1500,-39.3500,0.0005263672
177.1500,-39.2500,0.0004583779
177.1500,-39.1500,0.0003882108
177.1500,-39.0500,0.0003192062
177.1500,-38.9500,0.0002552987
177.1500,-38.8500,0.0002088575
177.1500,-38.7500,0.0001818961
177.1500,-38.6500,0.0001478168
177.1500,-38.5500,0.0001289875
177.1500,-38.4500,0.0001197529
177.1500,-38.3500,0.0001151089
177.1500,-38.2500,0.0001102648
177.1500,-38.1500,0.0001122109
177.1500,-38.0500,0.0001207756
177.2500,-40.5500,0.0008182134
177.2500,-40.4500,0.0007595540
177.2500,-40.3500,0.0007114645
177.2500,-40.2500,0.0006761752
177.2500,-40.1500,0.0006466531
177.2500,-40.0500,0.0006192401
177.2500,-39.9500,0.0006015021
177.2500,-39.8500,0.0005998690
177.2500,-39.7500,0.0006035094
177.2500,-39.6500,0.0006047307
177.2500,-39.5500,0.0005998827
177.2500,-39.4500,0.0005857528
177.2500,-39.3500,0.0005536091
177.2500,-39.2500,0.0004970378
177.2500,-39.1500,0.0004295588
177.2500,-39.0500,0.0003499457
177.2500,-38.9500,0.0002741946
177.2500,-38.8500,0.0002248755
177.2500,-38.7500,0.0002022040
177.2500,-38.6500,0.0001845038
177.2500,-38.5500,0.0001662135
177.2500,-38.4500,0.0001473096
177.2500,-38.3500,0.0001316508
177.2500,-38.2500,0.0001217047
177.2500,-38.1500,0.0001314986
177.2500,-38.0500,0.0001505740
177.2500,-37.9500,0.0001673466
177.3500,-40.3500,0.0006728859
177.3500,-40.2500,0.0006448561
177.3500,-40.1500,0.0006243827
177.3500,-40.0500,0.0006078228
177.3500,-39.9500,0.0006003356
177.3500,-39.8500,0.0006021150
177.3500,-39.7500,0.0006091656
177.3500,-39.6500,0.0006141193
177.3500,-39.5500,0.0006144565
177.3500,-39.4500,0.0006047501
177.3500,-39.3500,0.0005778602
177.3500,-39.2500,0.0005314838
177.3500,-39.1500,0.0004682120
177.3500,-39.0500,0.0003759385
177.3500,-38.9500,0.0002792320
177.3500,-38.8500,0.0002217237
177.3500,-38.7500,0.0002203408
177.3500,-38.6500,0.0002280272
177.3500,-38.5500,0.0002199275
177.3500,-38.4500,0.0001947284
177.3500,-38.3500,0.0001647147
177.3500,-38.2500,0.0001352232
177.3500,-38.1500,0.0001621936
177.3500,-38.0500,0.0001919217
177.3500,-37.9500,0.0002129361
177.3500,-37.8500,0.0002238000
177.4500,-40.2500,0.0006443831
177.4500,-40.1500,0.0006196268
177.4500,-40.0500,0.0006046440
177.4500,-39.9500,0.0006031019
177.4500,-39.8500,0.0006072301
177.4500,-39.7500,0.0006150581
177.4500,-39.6500,0.0006238136
177.4500,-39.5500,0.0006311991
177.4500,-39.4500,0.0006291869
177.4500,-39.3500,0.0006092373
177.4500,-39.2500,0.0005705727
177.4500,-39.1500,0.0005048941
177.4500,-39.0500,0.0004109877
177.4500,-38.9500,0.0002970532
177.4500,-38.8500,0.0002181059
177.4500,-38.7500,0.0002632334
177.4500,-38.6500,0.0002950011
177.4500,-38.5500,0.0002955775
177.4500,-38.4500,0.0002576253
177.4500,-38.3500,0.0002220288
177.4500,-38.2500,0.0002047035
177.4500,-38.1500,0.0002193664
177.4500,-38.0500,0.0002480149
177.4500,-37.9500,0.0002690481
177.4500,-37.8500,0.0002729642
177.4500,-37.7500,0.0002763943
177.4500,-37.6500,0.0002793422
177.5500,-40.0500,0.0006161442
177.5500,-39.9500,0.0006129654
177.5500,-39.8500,0.0006155970
177.5500,-39.7500,0.0006224507
177.5500,-39.6500,0.0006321249
177.5500,-39.5500,0.0006430536
177.5500,-39.4500,0.0006489327
177.5500,-39.3500,0.0006440766
177.5500,-39.2500,0.0006232896
177.5500,-39.1500,0.0005630513
177.5500,-39.0500,0.0004790632
177.5500,-38.9500,0.0003917830
177.5500,-38.8500,0.0003425496
177.5500,-38.7500,0.0003551301
177.5500,-38.6500,0.0003752997
177.5500,-38.5500,0.0003685962
177.5500,-38.4500,0.0003288253
177.5500,-38.3500,0.0002889971
177.5500,-38.2500,0.0002788774
177.5500,-38.1500,0.0002890198
177.5500,-38.0500,0.0003064311
177.5500,-37.9500,0.0003189807
177.5500,-37.8500,0.0003220159
177.5500,-37.7500,0.0003238835
177.5500,-37.6500,0.0003258222
177.5500,-37.5500,0.0003270845
177.6500,-39.9500,0.0006291880
177.6500,-39.8500,0.0006270519
177.6500,-39.7500,0.0006306259
177.6500,-39.6500,0.0006380093
177.6500,-39.5500,0.0006484466
177.6500,-39.4500,0.0006596853
177.6500,-39.3500,0.0006700543
177.6500,-39.2500,0.0006780023
177.6500,-39.1500,0.0006254906
177.6500,-39.0500,0.0005643015
177.6500,-38.9500,0.0005106210
177.6500,-38.8500,0.0004792196
177.6500,-38.7500,0.0004745166
177.6500,-38.6500,0.0004739975
177.6500,-38.5500,0.0004561950
177.6500,-38.4500,0.0004170395
177.6500,-38.3500,0.0003670042
177.6500,-38.2500,0.0003641546
177.6500,-38.1500,0.0003670722
177.6500,-38.0500,0.0003705579
177.6500,-37.9500,0.0003725995
177.6500,-37.8500,0.0003716032
177.6500,-37.7500,0.0003714528
177.6500,-37.6500,0.0003729447
177.6500,-37.5500,0.0003748061
177.6500,-37.4500,0.0003725286
177.7500,-39.7500,0.0006398925
177.7500,-39.6500,0.0006423736
177.7500,-39.5500,0.0006505360
177.7500,-39.4500,0.0006634991
177.7500,-39.3500,0.0006772582
177.7500,-39.2500,0.0006836782
177.7500,-39.1500,0.0006689549
177.7500,-39.0500,0.0006442823
177.7500,-38.9500,0.0006207533
177.7500,-38.8500,0.0006037733
177.7500,-38.7500,0.0005996864
177.7500,-38.6500,0.0005913097
177.7500,-38.5500,0.0005674221
177.7500,-38.4500,0.0005332235
177.7500,-38.3500,0.0004961910
177.7500,-38.2500,0.0004730241
177.7500,-38.1500,0.0004583218
177.7500,-38.0500,0.0004457036
177.7500,-37.9500,0.0004348701
177.7500,-37.8500,0.0004236052
177.7500,-37.7500,0.0004191872
177.7500,-37.6500,0.0004196032
177.7500,-37.5500,0.0004219062
177.7500,-37.4500,0.0004187565
177.7500,-37.3500,0.0004067666
177.7500,-37.2500,0.0003951108
177.8500,-39.6500,0.0006486830
177.8500,-39.5500,0.0006530862
177.8500,-39.4500,0.0006639893
177.8500,-39.3500,0.0006786636
177.8500,-39.2500,0.0006955099
177.8500,-39.1500,0.0007067710
177.8500,-39.0500,0.0007125694
177.8500,-38.9500,0.0007150885
177.8500,-38.8500,0.0007155859
177.8500,-38.7500,0.0007151807
177.8500,-38.6500,0.0007061694
177.8500,-38.5500,0.0006867938
177.8500,-38.4500,0.0006602883
177.8500,-38.3500,0.0006219042
177.8500,-38.2500,0.0005880776
177.8500,-38.1500,0.0005599813
177.8500,-38.0500,0.0005333746
177.8500,-37.9500,0.0005069061
177.8500,-37.8500,0.0004782478
177.8500,-37.7500,0.0004708148
177.8500,-37.6500,0.0004665858
177.8500,-37.5500,0.0004622601
177.8500,-37.4500,0.0004559430
177.8500,-37.3500,0.0004455854
177.8500,-37.2500,0.0004331731
177.8500,-37.1500,0.0004195882
177.9500,-39.6500,0.0006586534
177.9500,-39.5500,0.0006588775
177.9500,-39.4500,0.0006664049
177.9500,-39.3500,0.0006803918
177.9500,-39.2500,0.0007129168
177.9500,-39.1500,0.0007456234
177.9500,-39.0500,0.0007769236
177.9500,-38.9500,0.0008036718
177.9500,-38.8500,0.0008210201
177.9500,-38.7500,0.0008246849
177.9500,-38.6500,0.0008147446
177.9500,-38.5500,0.0007975827
177.9500,-38.4500,0.0007773290
177.9500,-38.3500,0.0007333559
177.9500,-38.2500,0.0006965379
177.9500,-38.1500,0.0006620208
177.9500,-38.0500,0.0006242619
177.9500,-37.9500,0.0005892568
177.9500,-37.8500,0.0005574160
177.9500,-37.7500,0.0005354324
177.9500,-37.6500,0.0005175611
177.9500,-37.5500,0.0005027633
177.9500,-37.4500,0.0004929616
177.9500,-37.3500,0.0004829995
177.9500,-37.2500,0.0004701561
177.9500,-37.1500,0.0004539371
178.0500,-39.6500,0.0006708834
178.0500,-39.5500,0.0006666937
178.0500,-39.4500,0.0006735677
178.0500,-39.3500,0.0006963201
178.0500,-39.2500,0.0007363919
178.0500,-39.1500,0.0007869017
178.0500,-39.0500,0.0008428022
178.0500,-38.9500,0.0008940414
178.0500,-38.8500,0.0009286342
178.0500,-38.7500,0.0009349525
178.0500,-38.6500,0.0009181008
178.0500,-38.5500,0.0008916714
178.0500,-38.4500,0.0008594869
178.0500,-38.3500,0.0008209688
178.0500,-38.2500,0.0007857320
178.0500,-38.1500,0.0007500730
178.0500,-38.0500,0.0007088246
178.0500,-37.9500,0.0006732631
178.0500,-37.8500,0.0006385095
178.0500,-37.7500,0.0006067518
178.0500,-37.6500,0.0005766047
178.0500,-37.5500,0.0005500060
178.0500,-37.4500,0.0005309998
178.0500,-37.3500,0.0005162751
178.0500,-37.2500,0.0005019501
178.0500,-37.1500,0.0004850848
178.1500,-39.6500,0.0006873991
178.1500,-39.5500,0.0006769713
178.1500,-39.4500,0.0006810102
178.1500,-39.3500,0.0007098486
178.1500,-39.2500,0.0007605774
178.1500,-39.1500,0.0008316817
178.1500,-39.0500,0.0009151008
178.1500,-38.9500,0.0009905010
178.1500,-38.8500,0.0010370841
178.1500,-38.7500,0.0010437952
178.1500,-38.6500,0.0010179916
178.1500,-38.5500,0.0009777387
178.1500,-38.4500,0.0009371077
178.1500,-38.3500,0.0008929146
178.1500,-38.2500,0.0008515998
178.1500,-38.1500,0.0008144985
178.1500,-38.0500,0.0007794734
178.1500,-37.9500,0.0007503684
178.1500,-37.8500,0.0007126079
178.1500,-37.7500,0.0006776632
178.1500,-37.6500,0.0006411399
178.1500,-37.5500,0.0006021598
178.1500,-37.4500,0.0005677340
178.1500,-37.3500,0.0005434207
178.1500,-37.2500,0.0005278711
178.1500,-37.1500,0.0005136921
178.1500,-37.0500,0.0004998405
178.2500,-39.6500,0.0007127256
178.2500,-39.5500,0.0006959204
178.2500,-39.4500,0.0006891253
178.2500,-39.3500,0.0007256229
178.2500,-39.2500,0.0007802583
178.2500,-39.1500,0.0008730321
178.2500,-39.0500,0.0009924380
178.2500,-38.9500,0.0010990298
178.2500,-38.8500,0.0011551056
178.2500,-38.7500,0.0011580048
178.2500,-38.6500,0.0011236408
178.2500,-38.5500,0.0010671565
178.2500,-38.4500,0.0010173728
178.2500,-38.3500,0.0009582102
178.2500,-38.2500,0.0009082448
178.2500,-38.1500,0.0008715369
178.2500,-38.0500,0.0008368727
178.2500,-37.9500,0.0008049514
178.2500,-37.8500,0.0007729651
178.2500,-37.7500,0.0007430085
178.2500,-37.6500,0.0007042878
178.2500,-37.5500,0.0006514300
178.2500,-37.4500,0.0006024531
178.2500,-37.3500,0.0005691628
178.2500,-37.2500,0.0005563566
178.2500,-37.1500,0.0005432623
178.3500,-39.6500,0.0007511763
178.3500,-39.5500,0.0007385908
178.3500,-39.4500,0.0007383623
178.3500,-39.3500,0.0007593508
178.3500,-39.2500,0.0007937940
178.3500,-39.1500,0.0009078326
178.3500,-39.0500,0.0010704270
178.3500,-38.9500,0.0012236230
178.3500,-38.8500,0.0012817859
178.3500,-38.7500,0.0012759553
178.3500,-38.6500,0.0012402313
178.3500,-38.5500,0.0011787040
178.3500,-38.4500,0.0011076204
178.3500,-38.3500,0.0010321017
178.3500,-38.2500,0.0009720356
178.3500,-38.1500,0.0009295161
178.3500,-38.0500,0.0008879594
178.3500,-37.9500,0.0008539268
178.3500,-37.8500,0.0008220755
178.3500,-37.7500,0.0007895129
178.3500,-37.6500,0.0007479899
178.3500,-37.5500,0.0006958698
178.3500,-37.4500,0.0006469066
178.3500,-37.3500,0.0006115682
178.3500,-37.2500,0.0005917138
178.3500,-37.1500,0.0005758955
178.4500,-39.4500,0.0008024051
178.4500,-39.3500,0.0008233591
178.4500,-39.2500,0.0008647955
178.4500,-39.1500,0.0009756819
178.4500,-39.0500,0.0011343950
178.4500,-38.9500,0.0012876575
178.4500,-38.8500,0.0013593179
178.4500,-38.7500,0.0013754850
178.4500,-38.6500,0.0013529922
178.4500,-38.5500,0.0012797834
178.4500,-38.4500,0.0011965847
178.4500,-38.3500,0.0011183019
178.4500,-38.2500,0.0010517207
178.4500,-38.1500,0.0009947165
178.4500,-38.0500,0.0009389201
178.4500,-37.9500,0.0009035025
178.4500,-37.8500,0.0008663803
178.4500,-37.7500,0.0008263717
178.4500,-37.6500,0.0007824054
178.4500,-37.5500,0.0007356156
178.4500,-37.4500,0.0006917123
178.4500,-37.3500,0.0006562253
178.4500,-37.2500,0.0006305169
178.4500,-37.1500,0.0006107004
178.5500,-39.3500,0.0009038290
178.5500,-39.2500,0.0009607291
178.5500,-39.1500,0.0010561091
178.5500,-39.0500,0.0011789695
178.5500,-38.9500,0.0012965952
178.5500,-38.8500,0.0013789895
178.5500,-38.7500,0.0014296013
178.5500,-38.6500,0.0014361296
178.5500,-38.5500,0.0013490575
178.5500,-38.4500,0.0012654990
178.5500,-38.3500,0.0011903695
178.5500,-38.2500,0.0011245699
178.5500,-38.1500,0.0010648496
178.5500,-38.0500,0.0010091806
178.5500,-37.9500,0.0009598272
178.5500,-37.8500,0.0009116012
178.5500,-37.7500,0.0008633964
178.5500,-37.6500,0.0008163869
178.5500,-37.5500,0.0007713507
178.5500,-37.4500,0.0007305915
178.5500,-37.3500,0.0006955360
178.5500,-37.2500,0.0006678844
178.6500,-38.9500,0.0013033457
178.6500,-38.8500,0.0013757024
178.6500,-38.7500,0.0014200245
178.6500,-38.6500,0.0014204884
178.6500,-38.5500,0.0013719535
178.6500,-38.4500,0.0013066079
178.6500,-38.3500,0.0012429309
178.6500,-38.2500,0.0011851600
178.6500,-38.1500,0.0011300981
178.6500,-38.0500,0.0010729310
178.6500,-37.9500,0.0010165700
178.6500,-37.8500,0.0009595983
178.6500,-37.7500,0.0009023772
178.6500,-37.6500,0.0008484012
178.6500,-37.5500,0.0008014243
178.6500,-37.4500,0.0007626223
178.6500,-37.3500,0.0007300295
178.6500,-37.2500,0.0007026565
178.7500,-38.8500,0.0013630674
178.7500,-38.7500,0.0013966602
178.7500,-38.6500,0.0013991320
178.7500,-38.5500,0.0013714495
178.7500,-38.4500,0.0013264198
178.7500,-38.3500,0.0012767187
178.7500,-38.2500,0.0012290366
178.7500,-38.1500,0.0011843504
178.7500,-38.0500,0.0011258494
178.7500,-37.9500,0.0010689723
178.7500,-37.8500,0.0010069626
178.7500,-37.7500,0.0009401850
178.7500,-37.6500,0.0008761719
178.7500,-37.5500,0.0008263957
178.7500,-37.4500,0.0007914809
178.7500,-37.3500,0.0007618972
178.8500,-38.7500,0.0013759059
178.8500,-38.6500,0.0013800818
178.8500,-38.5500,0.0013634636
178.8500,-38.4500,0.0013322496
178.8500,-38.3500,0.0012937863
178.8500,-38.2500,0.0012528935
178.8500,-38.1500,0.0012096161
178.8500,-38.0500,0.0011619979
178.8500,-37.9500,0.0011140704
178.8500,-37.8500,0.0010503749
178.8500,-37.7500,0.0009757427
178.8500,-37.6500,0.0009033044
178.8500,-37.5500,0.0008518813
178.8500,-37.4500,0.0008218697
178.8500,-37.3500,0.0007937794
178.9500,-38.4500,0.0013302233
178.9500,-38.3500,0.0012994847
178.9500,-38.2500,0.0012638460
178.9500,-38.1500,0.0012244597
178.9500,-38.0500,0.0011817606
178.9500,-37.9500,0.0011355378
178.9500,-37.8500,0.0010763350
178.9500,-37.7500,0.0010079518
178.9500,-37.6500,0.0009434823
178.9500,-37.5500,0.0008930382
178.9500,-37.4500,0.0008569874
178.9500,-37.3500,0.0008268631
179.0500,-38.0500,0.0011908929
179.0500,-37.9500,0.0011451427
179.0500,-37.8500,0.0010920964
179.0500,-37.7500,0.0010343615
179.0500,-37.6500,0.0009788120
179.0500,-37.5500,0.0009311311
179.0500,-37.4500,0.0008923691
179.1500,-37.6500,0.0010070696
179.1500,-37.5500,0.0009628567